{"ENEMY\u0000":{"POS":{"X":-98.99998474121094,"Y":86.99998474121094,"Z":0.0},"ROT":{"X":0.0,"Y":0.0,"Z":0.0},"SIZE":{"X":1.7999999523162842,"Y":1.7999999523162842,"Z":1.7999999523162842}},"ENEMY\u0001":{"POS":{"X":-42.99999237060547,"Y":110.9999771118164,"Z":0.0},"ROT":{"X":0.0,"Y":0.0,"Z":0.0},"SIZE":{"X":1.7999999523162842,"Y":1.7999999523162842,"Z":1.7999999523162842}},"ENEMY\u0002":{"POS":{"X":-126.9999771118164,"Y":97.99998474121094,"Z":0.0},"ROT":{"X":0.0,"Y":0.0,"Z":0.0},"SIZE":{"X":1.7999999523162842,"Y":1.7999999523162842,"Z":1.7999999523162842}}}
