{"ENEMY0":{"POS":{"X":269.0,"Y":78.99998474121094,"Z":0.0},"ROT":{"X":0.0,"Y":0.0,"Z":0.0},"SIZE":{"X":0.0,"Y":0.0,"Z":0.0}},"ENEMY1":{"POS":{"X":502.0,"Y":43.99999237060547,"Z":0.0},"ROT":{"X":0.0,"Y":0.0,"Z":0.0},"SIZE":{"X":2.0,"Y":2.0,"Z":2.0}},"ENEMY2":{"POS":{"X":1354.0,"Y":91.99998474121094,"Z":0.0},"ROT":{"X":0.0,"Y":0.0,"Z":0.0},"SIZE":{"X":2.0,"Y":2.0,"Z":2.0}},"ENEMY3":{"POS":{"X":1551.0,"Y":36.99999237060547,"Z":0.0},"ROT":{"X":0.0,"Y":0.0,"Z":0.0},"SIZE":{"X":2.0,"Y":2.0,"Z":2.0}},"ENEMY4":{"POS":{"X":1617.9998779296875,"Y":-171.99996948242188,"Z":0.0},"ROT":{"X":0.0,"Y":0.0,"Z":0.0},"SIZE":{"X":2.0,"Y":2.0,"Z":2.0}},"ENEMY5":{"POS":{"X":861.0,"Y":-166.99996948242188,"Z":0.0},"ROT":{"X":0.0,"Y":0.0,"Z":0.0},"SIZE":{"X":2.0,"Y":2.0,"Z":2.0}},"ENEMY9":{"POS":{"X":1090.0,"Y":41.99999237060547,"Z":0.0},"ROT":{"X":0.0,"Y":0.0,"Z":0.0},"SIZE":{"X":2.0,"Y":2.0,"Z":2.0}},"INDEX":7}
