{"ENEMY\u0000":{"POS":{"X":-344.99993896484375,"Y":243.9999542236328,"Z":0.0},"ROT":{"X":0.0,"Y":0.0,"Z":0.0},"SIZE":{"X":1.7999999523162842,"Y":1.7999999523162842,"Z":1.7999999523162842}},"ENEMY\u0001":{"POS":{"X":-375.99993896484375,"Y":190.99996948242188,"Z":0.0},"ROT":{"X":0.0,"Y":0.0,"Z":0.0},"SIZE":{"X":1.7999999523162842,"Y":1.7999999523162842,"Z":1.7999999523162842}},"ENEMY\u0002":{"POS":{"X":-369.99993896484375,"Y":183.99996948242188,"Z":0.0},"ROT":{"X":0.0,"Y":0.0,"Z":0.0},"SIZE":{"X":1.7999999523162842,"Y":1.7999999523162842,"Z":1.7999999523162842}},"ENEMY\u0003":{"POS":{"X":-358.99993896484375,"Y":170.99996948242188,"Z":0.0},"ROT":{"X":0.0,"Y":0.0,"Z":0.0},"SIZE":{"X":1.7999999523162842,"Y":1.7999999523162842,"Z":1.7999999523162842}},"ENEMY\u0004":{"POS":{"X":-339.99993896484375,"Y":148.99996948242188,"Z":0.0},"ROT":{"X":0.0,"Y":0.0,"Z":0.0},"SIZE":{"X":1.7999999523162842,"Y":1.7999999523162842,"Z":1.7999999523162842}},"ENEMY\u0005":{"POS":{"X":-321.99993896484375,"Y":126.9999771118164,"Z":0.0},"ROT":{"X":0.0,"Y":0.0,"Z":0.0},"SIZE":{"X":1.7999999523162842,"Y":1.7999999523162842,"Z":1.7999999523162842}},"ENEMY\u0006":{"POS":{"X":-294.99993896484375,"Y":96.99998474121094,"Z":0.0},"ROT":{"X":0.0,"Y":0.0,"Z":0.0},"SIZE":{"X":1.7999999523162842,"Y":1.7999999523162842,"Z":1.7999999523162842}},"ENEMY\u0007":{"POS":{"X":-264.99993896484375,"Y":54.9999885559082,"Z":0.0},"ROT":{"X":0.0,"Y":0.0,"Z":0.0},"SIZE":{"X":1.7999999523162842,"Y":1.7999999523162842,"Z":1.7999999523162842}},"ENEMY\b":{"POS":{"X":-231.9999542236328,"Y":11.999998092651367,"Z":0.0},"ROT":{"X":0.0,"Y":0.0,"Z":0.0},"SIZE":{"X":1.7999999523162842,"Y":1.7999999523162842,"Z":1.7999999523162842}},"ENEMY\t":{"POS":{"X":-196.99996948242188,"Y":-35.99999237060547,"Z":0.0},"ROT":{"X":0.0,"Y":0.0,"Z":0.0},"SIZE":{"X":1.7999999523162842,"Y":1.7999999523162842,"Z":1.7999999523162842}},"ENEMY\n":{"POS":{"X":-151.99996948242188,"Y":-89.99998474121094,"Z":0.0},"ROT":{"X":0.0,"Y":0.0,"Z":0.0},"SIZE":{"X":1.7999999523162842,"Y":1.7999999523162842,"Z":1.7999999523162842}},"ENEMY\u000b":{"POS":{"X":-116.9999771118164,"Y":-134.99996948242188,"Z":0.0},"ROT":{"X":0.0,"Y":0.0,"Z":0.0},"SIZE":{"X":1.7999999523162842,"Y":1.7999999523162842,"Z":1.7999999523162842}},"ENEMY\f":{"POS":{"X":-85.99998474121094,"Y":-173.99996948242188,"Z":0.0},"ROT":{"X":0.0,"Y":0.0,"Z":0.0},"SIZE":{"X":1.7999999523162842,"Y":1.7999999523162842,"Z":1.7999999523162842}},"ENEMY\r":{"POS":{"X":-67.99998474121094,"Y":-202.99996948242188,"Z":0.0},"ROT":{"X":0.0,"Y":0.0,"Z":0.0},"SIZE":{"X":1.7999999523162842,"Y":1.7999999523162842,"Z":1.7999999523162842}},"ENEMY\u000e":{"POS":{"X":-53.9999885559082,"Y":-233.9999542236328,"Z":0.0},"ROT":{"X":0.0,"Y":0.0,"Z":0.0},"SIZE":{"X":1.7999999523162842,"Y":1.7999999523162842,"Z":1.7999999523162842}},"ENEMY\u000f":{"POS":{"X":-39.99999237060547,"Y":-265.99993896484375,"Z":0.0},"ROT":{"X":0.0,"Y":0.0,"Z":0.0},"SIZE":{"X":1.7999999523162842,"Y":1.7999999523162842,"Z":1.7999999523162842}},"ENEMY\u0010":{"POS":{"X":-25.999996185302734,"Y":-295.99993896484375,"Z":0.0},"ROT":{"X":0.0,"Y":0.0,"Z":0.0},"SIZE":{"X":1.7999999523162842,"Y":1.7999999523162842,"Z":1.7999999523162842}},"ENEMY\u0011":{"POS":{"X":-16.999996185302734,"Y":-318.99993896484375,"Z":0.0},"ROT":{"X":0.0,"Y":0.0,"Z":0.0},"SIZE":{"X":1.7999999523162842,"Y":1.7999999523162842,"Z":1.7999999523162842}},"ENEMY\u0012":{"POS":{"X":-7.999998569488525,"Y":-341.99993896484375,"Z":0.0},"ROT":{"X":0.0,"Y":0.0,"Z":0.0},"SIZE":{"X":1.7999999523162842,"Y":1.7999999523162842,"Z":1.7999999523162842}},"ENEMY\u0013":{"POS":{"X":83.99998474121094,"Y":-308.99993896484375,"Z":0.0},"ROT":{"X":0.0,"Y":0.0,"Z":0.0},"SIZE":{"X":1.7999999523162842,"Y":1.7999999523162842,"Z":1.7999999523162842}},"ENEMY\u0014":{"POS":{"X":13.99999713897705,"Y":-226.9999542236328,"Z":0.0},"ROT":{"X":0.0,"Y":0.0,"Z":0.0},"SIZE":{"X":1.7999999523162842,"Y":1.7999999523162842,"Z":1.7999999523162842}},"ENEMY\u0015":{"POS":{"X":-86.99998474121094,"Y":-113.9999771118164,"Z":0.0},"ROT":{"X":0.0,"Y":0.0,"Z":0.0},"SIZE":{"X":1.7999999523162842,"Y":1.7999999523162842,"Z":1.7999999523162842}},"ENEMY\u0016":{"POS":{"X":-194.99996948242188,"Y":-0.9999998211860657,"Z":0.0},"ROT":{"X":0.0,"Y":0.0,"Z":0.0},"SIZE":{"X":1.7999999523162842,"Y":1.7999999523162842,"Z":1.7999999523162842}},"ENEMY\u0017":{"POS":{"X":-301.99993896484375,"Y":109.9999771118164,"Z":0.0},"ROT":{"X":0.0,"Y":0.0,"Z":0.0},"SIZE":{"X":1.7999999523162842,"Y":1.7999999523162842,"Z":1.7999999523162842}},"ENEMY\u0018":{"POS":{"X":-391.99993896484375,"Y":207.99996948242188,"Z":0.0},"ROT":{"X":0.0,"Y":0.0,"Z":0.0},"SIZE":{"X":1.7999999523162842,"Y":1.7999999523162842,"Z":1.7999999523162842}},"ENEMY\u0019":{"POS":{"X":-452.9999084472656,"Y":273.99993896484375,"Z":0.0},"ROT":{"X":0.0,"Y":0.0,"Z":0.0},"SIZE":{"X":1.7999999523162842,"Y":1.7999999523162842,"Z":1.7999999523162842}},"ENEMY\u001a":{"POS":{"X":-484.9999084472656,"Y":310.99993896484375,"Z":0.0},"ROT":{"X":0.0,"Y":0.0,"Z":0.0},"SIZE":{"X":1.7999999523162842,"Y":1.7999999523162842,"Z":1.7999999523162842}},"ENEMY\u001b":{"POS":{"X":-498.9999084472656,"Y":329.99993896484375,"Z":0.0},"ROT":{"X":0.0,"Y":0.0,"Z":0.0},"SIZE":{"X":1.7999999523162842,"Y":1.7999999523162842,"Z":1.7999999523162842}},"ENEMY\u001c":{"POS":{"X":-501.9999084472656,"Y":335.99993896484375,"Z":0.0},"ROT":{"X":0.0,"Y":0.0,"Z":0.0},"SIZE":{"X":1.7999999523162842,"Y":1.7999999523162842,"Z":1.7999999523162842}},"ENEMY\u001d":{"POS":{"X":-501.9999084472656,"Y":336.99993896484375,"Z":0.0},"ROT":{"X":0.0,"Y":0.0,"Z":0.0},"SIZE":{"X":1.7999999523162842,"Y":1.7999999523162842,"Z":1.7999999523162842}},"ENEMY\u001e":{"POS":{"X":-499.9999084472656,"Y":336.99993896484375,"Z":0.0},"ROT":{"X":0.0,"Y":0.0,"Z":0.0},"SIZE":{"X":1.7999999523162842,"Y":1.7999999523162842,"Z":1.7999999523162842}},"ENEMY\u001f":{"POS":{"X":-494.9999084472656,"Y":336.99993896484375,"Z":0.0},"ROT":{"X":0.0,"Y":0.0,"Z":0.0},"SIZE":{"X":1.7999999523162842,"Y":1.7999999523162842,"Z":1.7999999523162842}},"ENEMY ":{"POS":{"X":-486.9999084472656,"Y":336.99993896484375,"Z":0.0},"ROT":{"X":0.0,"Y":0.0,"Z":0.0},"SIZE":{"X":1.7999999523162842,"Y":1.7999999523162842,"Z":1.7999999523162842}},"ENEMY!":{"POS":{"X":-470.9999084472656,"Y":334.99993896484375,"Z":0.0},"ROT":{"X":0.0,"Y":0.0,"Z":0.0},"SIZE":{"X":1.7999999523162842,"Y":1.7999999523162842,"Z":1.7999999523162842}},"ENEMY\"":{"POS":{"X":-447.9999084472656,"Y":329.99993896484375,"Z":0.0},"ROT":{"X":0.0,"Y":0.0,"Z":0.0},"SIZE":{"X":1.7999999523162842,"Y":1.7999999523162842,"Z":1.7999999523162842}},"ENEMY#":{"POS":{"X":-400.99993896484375,"Y":319.99993896484375,"Z":0.0},"ROT":{"X":0.0,"Y":0.0,"Z":0.0},"SIZE":{"X":1.7999999523162842,"Y":1.7999999523162842,"Z":1.7999999523162842}},"ENEMY$":{"POS":{"X":-367.99993896484375,"Y":310.99993896484375,"Z":0.0},"ROT":{"X":0.0,"Y":0.0,"Z":0.0},"SIZE":{"X":1.7999999523162842,"Y":1.7999999523162842,"Z":1.7999999523162842}},"ENEMY%":{"POS":{"X":-325.99993896484375,"Y":298.99993896484375,"Z":0.0},"ROT":{"X":0.0,"Y":0.0,"Z":0.0},"SIZE":{"X":1.7999999523162842,"Y":1.7999999523162842,"Z":1.7999999523162842}},"ENEMY&":{"POS":{"X":-276.99993896484375,"Y":284.99993896484375,"Z":0.0},"ROT":{"X":0.0,"Y":0.0,"Z":0.0},"SIZE":{"X":1.7999999523162842,"Y":1.7999999523162842,"Z":1.7999999523162842}},"ENEMY'":{"POS":{"X":-219.9999542236328,"Y":265.99993896484375,"Z":0.0},"ROT":{"X":0.0,"Y":0.0,"Z":0.0},"SIZE":{"X":1.7999999523162842,"Y":1.7999999523162842,"Z":1.7999999523162842}},"ENEMY(":{"POS":{"X":-166.99996948242188,"Y":246.9999542236328,"Z":0.0},"ROT":{"X":0.0,"Y":0.0,"Z":0.0},"SIZE":{"X":1.7999999523162842,"Y":1.7999999523162842,"Z":1.7999999523162842}},"ENEMY)":{"POS":{"X":-123.9999771118164,"Y":229.9999542236328,"Z":0.0},"ROT":{"X":0.0,"Y":0.0,"Z":0.0},"SIZE":{"X":1.7999999523162842,"Y":1.7999999523162842,"Z":1.7999999523162842}},"ENEMY*":{"POS":{"X":-86.99998474121094,"Y":212.99996948242188,"Z":0.0},"ROT":{"X":0.0,"Y":0.0,"Z":0.0},"SIZE":{"X":1.7999999523162842,